inbound_pkt_count,outbound_pkt_count,total_pkt_count,inbound_pkt_percent,outbound_pkt_percent,inbound_bytes,outbound_bytes,duration,interaction_pattern_0,interaction_pattern_1,interaction_pattern_2,interaction_pattern_3,interaction_pattern_4,interaction_pattern_5,interaction_pattern_6,interaction_pattern_7,interaction_pattern_8,interaction_pattern_9,interaction_pattern_10,interaction_pattern_11,interaction_pattern_12,interaction_pattern_13,interaction_pattern_14,interaction_pattern_15,interaction_pattern_16,interaction_pattern_17,interaction_pattern_18,interaction_pattern_19,pkt_rate_mean,pkt_rate_max,pkt_rate_min,pkt_rate_median,pkt_rate_std,bidirectional_interval_mean,bidirectional_interval_max,bidirectional_interval_min,bidirectional_interval_std,bidirectional_rel_time_p10,bidirectional_rel_time_p20,bidirectional_rel_time_p30,bidirectional_rel_time_p40,bidirectional_rel_time_p50,bidirectional_rel_time_p60,bidirectional_rel_time_p70,bidirectional_rel_time_p80,bidirectional_rel_time_p90,inbound_interval_mean,inbound_interval_max,inbound_interval_min,inbound_interval_std,inbound_rel_time_p10,inbound_rel_time_p20,inbound_rel_time_p30,inbound_rel_time_p40,inbound_rel_time_p50,inbound_rel_time_p60,inbound_rel_time_p70,inbound_rel_time_p80,inbound_rel_time_p90,outbound_interval_mean,outbound_interval_max,outbound_interval_min,outbound_interval_std,outbound_rel_time_p10,outbound_rel_time_p20,outbound_rel_time_p30,outbound_rel_time_p40,outbound_rel_time_p50,outbound_rel_time_p60,outbound_rel_time_p70,outbound_rel_time_p80,outbound_rel_time_p90,bidirectional_size_mean,bidirectional_size_max,bidirectional_size_min,bidirectional_size_mad,bidirectional_size_std,bidirectional_size_var,bidirectional_size_skew,bidirectional_size_kurtosis,bidirectional_size_p10,bidirectional_size_p20,bidirectional_size_p30,bidirectional_size_p40,bidirectional_size_p50,bidirectional_size_p60,bidirectional_size_p70,bidirectional_size_p80,bidirectional_size_p90,inbound_size_mean,inbound_size_max,inbound_size_min,inbound_size_mad,inbound_size_std,inbound_size_var,inbound_size_skew,inbound_size_kurtosis,inbound_size_p10,inbound_size_p20,inbound_size_p30,inbound_size_p40,inbound_size_p50,inbound_size_p60,inbound_size_p70,inbound_size_p80,inbound_size_p90,outbound_size_mean,outbound_size_max,outbound_size_min,outbound_size_mad,outbound_size_std,outbound_size_var,outbound_size_skew,outbound_size_kurtosis,outbound_size_p10,outbound_size_p20,outbound_size_p30,outbound_size_p40,outbound_size_p50,outbound_size_p60,outbound_size_p70,outbound_size_p80,outbound_size_p90,flow_key,pcap_file
0,5,5,0.0,1.0,0,2213,0.06273794174194336,1,1,1,1,2,2,2,2,3,3,3,3,4,4,4,4,5,5,5,5,5.0,5,5,5.0,0.0,0.01568448543548584,0.043881893157958984,0.0,0.017979665717655035,0.017552757263183595,0.03510551452636719,0.043903684616088866,0.043947267532348636,0.0439908504486084,0.0439908504486084,0.0439908504486084,0.04774026870727539,0.055239105224609376,0.0,0.0,0.0,0.0,0.0,0.0,0.0,0.0,0.0,0.0,0.0,0.0,0.0,0.01568448543548584,0.043881893157958984,0.0,0.017979665717655035,0.017552757263183595,0.03510551452636719,0.043903684616088866,0.043947267532348636,0.0439908504486084,0.0439908504486084,0.0439908504486084,0.04774026870727539,0.055239105224609376,442.6,788,85,240.8,281.3955223524355,79183.44,-0.22145879198291898,-1.6827112107650766,104.6,124.2,221.39999999999998,396.20000000000005,571.0,596.6,622.2,665.6,726.8,0.0,0,0,0.0,0.0,0.0,0.0,0.0,0.0,0.0,0.0,0.0,0.0,0.0,0.0,0.0,0.0,442.6,788,85,240.8,281.3955223524355,79183.44,-0.22145879198291898,-1.6827112107650766,104.6,124.2,221.39999999999998,396.20000000000005,571.0,596.6,622.2,665.6,726.8,"('192.168.137.197', '58.205.212.119', 56155, 443, 'TCP')",Weibo4.pcap
0,8,8,0.0,1.0,0,3883,0.057164907455444336,1,1,2,2,2,3,3,4,4,4,5,5,6,6,6,7,7,8,8,8,8.0,8,8,8.0,0.0,0.008166415350777763,0.0271298885345459,0.0,0.008671546420266617,0.01899092197418213,0.030519914627075196,0.03560495376586914,0.03560495376586914,0.03605294227600098,0.038431739807128905,0.04518957138061523,0.05180993080139161,0.0560554027557373,0.0,0.0,0.0,0.0,0.0,0.0,0.0,0.0,0.0,0.0,0.0,0.0,0.0,0.008166415350777763,0.0271298885345459,0.0,0.008671546420266617,0.01899092197418213,0.030519914627075196,0.03560495376586914,0.03560495376586914,0.03605294227600098,0.038431739807128905,0.04518957138061523,0.05180993080139161,0.0560554027557373,485.375,1466,70,340.375,435.1097383132214,189320.484375,1.1638790933449557,0.4837812311874994,80.5,104.60000000000001,149.70000000000002,259.6,430.5,570.2,570.9,646.0000000000001,926.9999999999999,0.0,0,0,0.0,0.0,0.0,0.0,0.0,0.0,0.0,0.0,0.0,0.0,0.0,0.0,0.0,0.0,485.375,1466,70,340.375,435.1097383132214,189320.484375,1.1638790933449557,0.4837812311874994,80.5,104.60000000000001,149.70000000000002,259.6,430.5,570.2,570.9,646.0000000000001,926.9999999999999,"('192.168.137.197', '58.205.212.119', 56157, 443, 'TCP')",Weibo4.pcap
14,0,14,1.0,0.0,9438,0,0.11544680595397949,-1,-2,-2,-3,-4,-4,-5,-6,-6,-7,-8,-9,-9,-10,-11,-11,-12,-13,-13,-14,14.0,14,14,14.0,0.0,0.008880523534921499,0.03784489631652832,5.9604644775390625e-06,0.011708499624511953,6.0367584228515636e-05,0.0001827239990234375,0.022292518615722654,0.02475714683532715,0.029539942741394043,0.04939155578613281,0.06108791828155517,0.06131687164306641,0.08788039684295658,0.008880523534921499,0.03784489631652832,5.9604644775390625e-06,0.011708499624511953,6.0367584228515636e-05,0.0001827239990234375,0.022292518615722654,0.02475714683532715,0.029539942741394043,0.04939155578613281,0.06108791828155517,0.06131687164306641,0.08788039684295658,0.0,0.0,0.0,0.0,0.0,0.0,0.0,0.0,0.0,0.0,0.0,0.0,0.0,674.1428571428571,1466,85,482.0,556.7717995145713,309994.8367346939,0.40940879989714235,-1.5564502241939313,86.2,105.2,256.4,349.0,418.0,642.1999999999999,1213.5,1382.0,1466.0,674.1428571428571,1466,85,482.0,556.7717995145713,309994.8367346939,0.40940879989714235,-1.5564502241939313,86.2,105.2,256.4,349.0,418.0,642.1999999999999,1213.5,1382.0,1466.0,0.0,0,0,0.0,0.0,0.0,0.0,0.0,0.0,0.0,0.0,0.0,0.0,0.0,0.0,0.0,0.0,"('58.205.212.119', '192.168.137.197', 443, 56157, 'TCP')",Weibo4.pcap
10,0,10,1.0,0.0,6271,0,0.2809739112854004,-1,-1,-2,-2,-3,-3,-4,-4,-5,-5,-6,-6,-7,-7,-8,-8,-9,-9,-10,-10,10.0,10,10,10.0,0.0,0.031219323476155598,0.2439100742340088,7.152557373046875e-06,0.07586386724696226,3.4976005554199216e-05,7.414817810058594e-05,8.847713470458984e-05,0.01966953277587891,0.032730937004089355,0.03274273872375488,0.03299686908721924,0.0342766284942627,0.061454844474792394,0.031219323476155598,0.2439100742340088,7.152557373046875e-06,0.07586386724696226,3.4976005554199216e-05,7.414817810058594e-05,8.847713470458984e-05,0.01966953277587891,0.032730937004089355,0.03274273872375488,0.03299686908721924,0.0342766284942627,0.061454844474792394,0.0,0.0,0.0,0.0,0.0,0.0,0.0,0.0,0.0,0.0,0.0,0.0,0.0,627.1,1466,98,390.1,529.976310791341,280874.89,0.761320987959945,-1.2155750634956521,114.2,241.60000000000002,326.2,349.0,372.0,410.2,700.8999999999999,1354.0,1466.0,627.1,1466,98,390.1,529.976310791341,280874.89,0.761320987959945,-1.2155750634956521,114.2,241.60000000000002,326.2,349.0,372.0,410.2,700.8999999999999,1354.0,1466.0,0.0,0,0,0.0,0.0,0.0,0.0,0.0,0.0,0.0,0.0,0.0,0.0,0.0,0.0,0.0,0.0,"('58.205.212.119', '192.168.137.197', 443, 56155, 'TCP')",Weibo4.pcap
0,4,4,0.0,1.0,0,1478,0.1230018138885498,1,1,1,1,1,2,2,2,2,2,3,3,3,3,3,4,4,4,4,4,4.0,4,4,4.0,0.0,0.0410006046295166,0.06366896629333496,0.0020220279693603516,0.027683973535845084,0.01910068988800049,0.03820137977600098,0.05730206966400146,0.06407337188720703,0.06467998027801514,0.06528658866882324,0.07142207622528074,0.08861532211303713,0.10580856800079347,0.0,0.0,0.0,0.0,0.0,0.0,0.0,0.0,0.0,0.0,0.0,0.0,0.0,0.0410006046295166,0.06366896629333496,0.0020220279693603516,0.027683973535845084,0.01910068988800049,0.03820137977600098,0.05730206966400146,0.06407337188720703,0.06467998027801514,0.06528658866882324,0.07142207622528074,0.08861532211303713,0.10580856800079347,369.5,652,97,248.0,249.79841872998315,62399.25,0.01408075353731801,-1.9434124995998194,111.7,126.4,141.1,233.4000000000001,364.5,495.5999999999999,589.9,610.6,631.3,0.0,0,0,0.0,0.0,0.0,0.0,0.0,0.0,0.0,0.0,0.0,0.0,0.0,0.0,0.0,0.0,369.5,652,97,248.0,249.79841872998315,62399.25,0.01408075353731801,-1.9434124995998194,111.7,126.4,141.1,233.4000000000001,364.5,495.5999999999999,589.9,610.6,631.3,"('192.168.137.197', '116.133.8.86', 56156, 443, 'TCP')",Weibo4.pcap
9,0,9,1.0,0.0,5662,0,0.07026886940002441,-1,-1,-2,-2,-3,-3,-3,-4,-4,-5,-5,-6,-6,-7,-7,-7,-8,-8,-9,-9,9.0,9,9,9.0,0.0,0.008783608675003052,0.06172013282775879,5.9604644775390625e-06,0.020134073855657422,4.76837158203125e-06,1.0681152343750001e-05,1.621246337890625e-05,0.0123638153076172,0.06173992156982422,0.061768722534179685,0.06179451942443848,0.06240086555480957,0.06468720436096191,0.008783608675003052,0.06172013282775879,5.9604644775390625e-06,0.020134073855657422,4.76837158203125e-06,1.0681152343750001e-05,1.621246337890625e-05,0.0123638153076172,0.06173992156982422,0.061768722534179685,0.06179451942443848,0.06240086555480957,0.06468720436096191,0.0,0.0,0.0,0.0,0.0,0.0,0.0,0.0,0.0,0.0,0.0,0.0,0.0,629.1111111111111,1446,97,457.8888888888889,584.4295308616855,341557.8765432099,0.6362489009736914,-1.5053526000119117,121.8,157.4,179.8,221.00000000000003,369.0,369.0,1015.1999999999996,1446.0,1446.0,629.1111111111111,1446,97,457.8888888888889,584.4295308616855,341557.8765432099,0.6362489009736914,-1.5053526000119117,121.8,157.4,179.8,221.00000000000003,369.0,369.0,1015.1999999999996,1446.0,1446.0,0.0,0,0,0.0,0.0,0.0,0.0,0.0,0.0,0.0,0.0,0.0,0.0,0.0,0.0,0.0,0.0,"('116.133.8.86', '192.168.137.197', 443, 56156, 'TCP')",Weibo4.pcap
0,2,2,0.0,1.0,0,705,0.019572019577026367,1,1,1,1,1,1,1,1,1,1,2,2,2,2,2,2,2,2,2,2,2.0,2,2,2.0,0.0,0.019572019577026367,0.019572019577026367,0.019572019577026367,0.0,0.001957201957702637,0.003914403915405274,0.00587160587310791,0.007828807830810547,0.009786009788513184,0.01174321174621582,0.013700413703918456,0.015657615661621094,0.01761481761932373,0.0,0.0,0.0,0.0,0.0,0.0,0.0,0.0,0.0,0.0,0.0,0.0,0.0,0.019572019577026367,0.019572019577026367,0.019572019577026367,0.0,0.001957201957702637,0.003914403915405274,0.00587160587310791,0.007828807830810547,0.009786009788513184,0.01174321174621582,0.013700413703918456,0.015657615661621094,0.01761481761932373,352.5,571,134,218.5,218.5,47742.25,0.0,0.0,177.7,221.4,265.1,308.8,352.5,396.2,439.9,483.6,527.3,0.0,0,0,0.0,0.0,0.0,0.0,0.0,0.0,0.0,0.0,0.0,0.0,0.0,0.0,0.0,0.0,352.5,571,134,218.5,218.5,47742.25,0.0,0.0,177.7,221.4,265.1,308.8,352.5,396.2,439.9,483.6,527.3,"('192.168.137.197', '58.205.212.119', 64763, 443, 'TCP')",Weibo4.pcap
7,0,7,1.0,0.0,5346,0,0.02011394500732422,-1,-1,-1,-2,-2,-2,-3,-3,-3,-4,-4,-5,-5,-5,-6,-6,-6,-7,-7,-7,7.0,7,7,7.0,0.0,0.0033523241678873696,0.019756078720092773,5.0067901611328125e-06,0.007336378645931585,0.00013017654418945312,0.00021877288818359376,0.00022420883178710937,0.00027198791503906254,0.0003409385681152344,0.012194585800170892,0.020099401473999023,0.02010655403137207,0.020110940933227538,0.0033523241678873696,0.019756078720092773,5.0067901611328125e-06,0.007336378645931585,0.00013017654418945312,0.00021877288818359376,0.00022420883178710937,0.00027198791503906254,0.0003409385681152344,0.012194585800170892,0.020099401473999023,0.02010655403137207,0.020110940933227538,0.0,0.0,0.0,0.0,0.0,0.0,0.0,0.0,0.0,0.0,0.0,0.0,0.0,763.7142857142857,1466,116,502.7142857142857,573.9469149882154,329415.0612244898,0.255906655754606,-1.8426207987260284,210.8,289.0,334.0,349.0,349.0,935.1999999999996,1354.0,1438.0,1466.0,763.7142857142857,1466,116,502.7142857142857,573.9469149882154,329415.0612244898,0.255906655754606,-1.8426207987260284,210.8,289.0,334.0,349.0,349.0,935.1999999999996,1354.0,1438.0,1466.0,0.0,0,0,0.0,0.0,0.0,0.0,0.0,0.0,0.0,0.0,0.0,0.0,0.0,0.0,0.0,0.0,"('58.205.212.119', '192.168.137.197', 443, 64763, 'TCP')",Weibo4.pcap
0,3,3,0.0,1.0,0,1141,0.04540896415710449,1,1,1,1,1,1,1,2,2,2,2,2,2,3,3,3,3,3,3,3,3.0,3,3,3.0,0.0,0.022704482078552246,0.0246579647064209,0.020750999450683594,0.0019534826278686523,0.00493159294128418,0.00986318588256836,0.014794778823852538,0.01972637176513672,0.0246579647064209,0.028808164596557616,0.032958364486694335,0.037108564376831056,0.04125876426696777,0.0,0.0,0.0,0.0,0.0,0.0,0.0,0.0,0.0,0.0,0.0,0.0,0.0,0.022704482078552246,0.0246579647064209,0.020750999450683594,0.0019534826278686523,0.00493159294128418,0.00986318588256836,0.014794778823852538,0.01972637176513672,0.0246579647064209,0.028808164596557616,0.032958364486694335,0.037108564376831056,0.04125876426696777,380.3333333333333,583,159,141.33333333333334,173.59979518677113,30136.888888888887,-0.16004727940713845,0.0,207.0,255.0,303.0,351.0,399.0,435.8,472.59999999999997,509.40000000000003,546.2,0.0,0,0,0.0,0.0,0.0,0.0,0.0,0.0,0.0,0.0,0.0,0.0,0.0,0.0,0.0,0.0,380.3333333333333,583,159,141.33333333333334,173.59979518677113,30136.888888888887,-0.16004727940713845,0.0,207.0,255.0,303.0,351.0,399.0,435.8,472.59999999999997,509.40000000000003,546.2,"('192.168.137.197', '47.95.85.33', 56158, 443, 'TCP')",Weibo4.pcap
0,8,8,0.0,1.0,0,5104,0.12311005592346191,1,1,2,2,2,3,3,4,4,4,5,5,6,6,6,7,7,8,8,8,8.0,8,8,8.0,0.0,0.017587150846208845,0.06693410873413086,0.0,0.02795597771609559,0.04685387611389161,0.06693410873413086,0.06693410873413086,0.06693410873413086,0.06693410873413086,0.06693410873413086,0.06693410873413086,0.06693410873413086,0.08378689289093016,0.0,0.0,0.0,0.0,0.0,0.0,0.0,0.0,0.0,0.0,0.0,0.0,0.0,0.017587150846208845,0.06693410873413086,0.0,0.02795597771609559,0.04685387611389161,0.06693410873413086,0.06693410873413086,0.06693410873413086,0.06693410873413086,0.06693410873413086,0.06693410873413086,0.06693410873413086,0.08378689289093016,638.0,1466,97,419.0,520.5525910030609,270975.0,0.6618112246457556,-1.0667246934735861,131.3,153.2,194.50000000000003,408.00000000000006,526.0,609.0,699.9999999999999,1164.8000000000004,1466.0,0.0,0,0,0.0,0.0,0.0,0.0,0.0,0.0,0.0,0.0,0.0,0.0,0.0,0.0,0.0,0.0,638.0,1466,97,419.0,520.5525910030609,270975.0,0.6618112246457556,-1.0667246934735861,131.3,153.2,194.50000000000003,408.00000000000006,526.0,609.0,699.9999999999999,1164.8000000000004,1466.0,"('192.168.137.197', '116.133.8.86', 64766, 443, 'TCP')",Weibo4.pcap
108,0,108,1.0,0.0,154704,0,0.07661008834838867,-3,-9,-14,-19,-25,-30,-36,-41,-46,-52,-57,-63,-68,-73,-79,-84,-90,-95,-100,-106,108.0,108,108,108.0,0.0,0.0007159821340970904,0.02289104461669922,5.0067901611328125e-06,0.0035900106499419143,0.04585452079772949,0.04709877967834473,0.04993259906768799,0.05001587867736816,0.05104410648345947,0.053798866271972653,0.054256224632263185,0.05527186393737793,0.07609217166900635,0.0007159821340970904,0.02289104461669922,5.0067901611328125e-06,0.0035900106499419143,0.04585452079772949,0.04709877967834473,0.04993259906768799,0.05001587867736816,0.05104410648345947,0.053798866271972653,0.054256224632263185,0.05527186393737793,0.07609217166900635,0.0,0.0,0.0,0.0,0.0,0.0,0.0,0.0,0.0,0.0,0.0,0.0,0.0,1432.4444444444443,1466,117,33.55555555555556,188.7674119186602,35633.135802469136,-5.898546695561308,33.82603899061477,1466.0,1466.0,1466.0,1466.0,1466.0,1466.0,1466.0,1466.0,1466.0,1432.4444444444443,1466,117,33.55555555555556,188.7674119186602,35633.135802469136,-5.898546695561308,33.82603899061477,1466.0,1466.0,1466.0,1466.0,1466.0,1466.0,1466.0,1466.0,1466.0,0.0,0,0,0.0,0.0,0.0,0.0,0.0,0.0,0.0,0.0,0.0,0.0,0.0,0.0,0.0,0.0,"('47.95.85.33', '192.168.137.197', 443, 56158, 'TCP')",Weibo4.pcap
11,0,11,1.0,0.0,9754,0,0.09130001068115234,-1,-1,-2,-2,-3,-4,-4,-5,-5,-6,-6,-7,-7,-8,-8,-9,-10,-10,-11,-11,11.0,11,11,11.0,0.0,0.009130001068115234,0.06709909439086914,5.9604644775390625e-06,0.020460988964139684,1.0013580322265625e-05,1.5974044799804688e-05,9.202957153320312e-05,0.06719112396240234,0.0672299861907959,0.06724309921264648,0.08996009826660156,0.08997797966003418,0.08998417854309082,0.009130001068115234,0.06709909439086914,5.9604644775390625e-06,0.020460988964139684,1.0013580322265625e-05,1.5974044799804688e-05,9.202957153320312e-05,0.06719112396240234,0.0672299861907959,0.06724309921264648,0.08996009826660156,0.08997797966003418,0.08998417854309082,0.0,0.0,0.0,0.0,0.0,0.0,0.0,0.0,0.0,0.0,0.0,0.0,0.0,886.7272727272727,1446,97,552.9090909090909,605.3018917575669,366390.3801652892,-0.22902266109389185,-1.882449331457154,137.0,176.0,369.0,369.0,1376.0,1446.0,1446.0,1446.0,1446.0,886.7272727272727,1446,97,552.9090909090909,605.3018917575669,366390.3801652892,-0.22902266109389185,-1.882449331457154,137.0,176.0,369.0,369.0,1376.0,1446.0,1446.0,1446.0,1446.0,0.0,0,0,0.0,0.0,0.0,0.0,0.0,0.0,0.0,0.0,0.0,0.0,0.0,0.0,0.0,0.0,"('116.133.8.86', '192.168.137.197', 443, 64766, 'TCP')",Weibo4.pcap
0,35,35,0.0,1.0,0,43555,0.4758169651031494,1,3,5,7,8,10,12,14,15,17,19,21,22,24,26,28,29,31,33,35,35.0,35,35,35.0,0.0,0.013994616620680866,0.34676218032836914,0.0,0.05967048882476941,0.0684049129486084,0.0684049129486084,0.0684049129486084,0.12889790534973145,0.4756600856781006,0.4756600856781006,0.4756600856781006,0.4756600856781006,0.4756600856781006,0.0,0.0,0.0,0.0,0.0,0.0,0.0,0.0,0.0,0.0,0.0,0.0,0.0,0.013994616620680866,0.34676218032836914,0.0,0.05967048882476941,0.0684049129486084,0.0684049129486084,0.0684049129486084,0.12889790534973145,0.4756600856781006,0.4756600856781006,0.4756600856781006,0.4756600856781006,0.4756600856781006,1244.4285714285713,1466,88,221.57142857142858,427.94293916791463,183135.1591836735,-1.7295661995036482,1.473067936767447,545.8000000000001,1014.6000000000001,1466.0,1466.0,1466.0,1466.0,1466.0,1466.0,1466.0,0.0,0,0,0.0,0.0,0.0,0.0,0.0,0.0,0.0,0.0,0.0,0.0,0.0,0.0,0.0,0.0,1244.4285714285713,1466,88,221.57142857142858,427.94293916791463,183135.1591836735,-1.7295661995036482,1.473067936767447,545.8000000000001,1014.6000000000001,1466.0,1466.0,1466.0,1466.0,1466.0,1466.0,1466.0,"('192.168.137.197', '116.133.8.86', 56159, 443, 'TCP')",Weibo4.pcap
18,0,18,1.0,0.0,14336,0,0.496265172958374,-1,-2,-3,-4,-5,-5,-6,-7,-8,-9,-10,-11,-12,-13,-14,-14,-15,-16,-17,-18,18.0,18,18,18.0,0.0,0.029192068997551415,0.3407258987426758,6.198883056640625e-06,0.08020108152424141,8.187294006347657e-05,0.025316047668457055,0.06315460205078124,0.06585297584533692,0.130682110786438,0.20416727066040014,0.48774611949920654,0.49043688774108884,0.4928917169570923,0.029192068997551415,0.3407258987426758,6.198883056640625e-06,0.08020108152424141,8.187294006347657e-05,0.025316047668457055,0.06315460205078124,0.06585297584533692,0.130682110786438,0.20416727066040014,0.48774611949920654,0.49043688774108884,0.4928917169570923,0.0,0.0,0.0,0.0,0.0,0.0,0.0,0.0,0.0,0.0,0.0,0.0,0.0,796.4444444444445,1446,97,566.3333333333334,598.8437212404717,358613.8024691358,0.033537866108724716,-1.831756469179083,99.8,111.80000000000001,236.69999999999996,369.0,664.0,1410.8,1446.0,1446.0,1446.0,796.4444444444445,1446,97,566.3333333333334,598.8437212404717,358613.8024691358,0.033537866108724716,-1.831756469179083,99.8,111.80000000000001,236.69999999999996,369.0,664.0,1410.8,1446.0,1446.0,1446.0,0.0,0,0,0.0,0.0,0.0,0.0,0.0,0.0,0.0,0.0,0.0,0.0,0.0,0.0,0.0,0.0,"('116.133.8.86', '192.168.137.197', 443, 56159, 'TCP')",Weibo4.pcap
0,4,4,0.0,1.0,0,1550,0.1180570125579834,1,1,1,1,1,2,2,2,2,2,3,3,3,3,3,4,4,4,4,4,4.0,4,4,4.0,0.0,0.0393523375193278,0.06134200096130371,0.0006678104400634766,0.027439365915325385,0.018402600288391115,0.03680520057678223,0.05520780086517334,0.06147556304931641,0.06167590618133545,0.06187624931335449,0.06761453151702879,0.0844286918640137,0.10124285221099855,0.0,0.0,0.0,0.0,0.0,0.0,0.0,0.0,0.0,0.0,0.0,0.0,0.0,0.0393523375193278,0.06134200096130371,0.0006678104400634766,0.027439365915325385,0.018402600288391115,0.03680520057678223,0.05520780086517334,0.06147556304931641,0.06167590618133545,0.06187624931335449,0.06761453151702879,0.0844286918640137,0.10124285221099855,387.5,724,97,266.0,271.18490002210666,73541.25,0.08742946513760348,-1.8533615821593992,111.7,126.4,141.1,233.4000000000001,364.5,495.5999999999999,597.0999999999999,639.4000000000001,681.7,0.0,0,0,0.0,0.0,0.0,0.0,0.0,0.0,0.0,0.0,0.0,0.0,0.0,0.0,0.0,0.0,387.5,724,97,266.0,271.18490002210666,73541.25,0.08742946513760348,-1.8533615821593992,111.7,126.4,141.1,233.4000000000001,364.5,495.5999999999999,597.0999999999999,639.4000000000001,681.7,"('192.168.137.197', '116.133.8.86', 56162, 443, 'TCP')",Weibo4.pcap
0,7,7,0.0,1.0,0,4177,0.6793050765991211,1,1,1,2,2,2,3,3,3,4,4,5,5,5,6,6,6,7,7,7,7.0,7,7,7.0,0.0,0.11321751276652019,0.5479159355163574,0.0,0.1964071915107305,0.03938212394714356,0.06596188545227051,0.06693692207336426,0.06726193428039551,0.06726193428039551,0.1044253349304199,0.23878412246704062,0.5675336837768559,0.6779921531677247,0.0,0.0,0.0,0.0,0.0,0.0,0.0,0.0,0.0,0.0,0.0,0.0,0.0,0.11321751276652019,0.5479159355163574,0.0,0.1964071915107305,0.03938212394714356,0.06596188545227051,0.06693692207336426,0.06726193428039551,0.06726193428039551,0.1044253349304199,0.23878412246704062,0.5675336837768559,0.6779921531677247,596.7142857142857,1296,97,404.0,474.70764364898895,225347.34693877547,0.40655537753622184,-1.4133536500149584,122.80000000000001,141.2,144.8,320.8000000000002,583.0,634.5999999999999,784.3999999999996,1130.6000000000004,1266.0,0.0,0,0,0.0,0.0,0.0,0.0,0.0,0.0,0.0,0.0,0.0,0.0,0.0,0.0,0.0,0.0,596.7142857142857,1296,97,404.0,474.70764364898895,225347.34693877547,0.40655537753622184,-1.4133536500149584,122.80000000000001,141.2,144.8,320.8000000000002,583.0,634.5999999999999,784.3999999999996,1130.6000000000004,1266.0,"('192.168.137.197', '116.133.8.86', 56163, 443, 'TCP')",Weibo4.pcap
10,0,10,1.0,0.0,5798,0,0.06588983535766602,-1,-1,-2,-2,-3,-3,-4,-4,-5,-5,-6,-6,-7,-7,-8,-8,-9,-9,-10,-10,10.0,10,10,10.0,0.0,0.0073210928175184466,0.059693098068237305,7.867813110351562e-06,0.018585591993325143,3.5834312438964846e-05,9.665489196777345e-05,0.00013389587402343748,0.03595962524414063,0.059845924377441406,0.05985813140869141,0.06009652614593506,0.06168718338012696,0.06587095260620117,0.0073210928175184466,0.059693098068237305,7.867813110351562e-06,0.018585591993325143,3.5834312438964846e-05,9.665489196777345e-05,0.00013389587402343748,0.03595962524414063,0.059845924377441406,0.05985813140869141,0.06009652614593506,0.06168718338012696,0.06587095260620117,0.0,0.0,0.0,0.0,0.0,0.0,0.0,0.0,0.0,0.0,0.0,0.0,0.0,579.8,1446,97,435.4,574.4339474648065,329974.36,0.792840890313306,-1.268090089856194,97.0,121.8,161.6,204.8,296.5,369.0,692.0999999999998,1446.0,1446.0,579.8,1446,97,435.4,574.4339474648065,329974.36,0.792840890313306,-1.268090089856194,97.0,121.8,161.6,204.8,296.5,369.0,692.0999999999998,1446.0,1446.0,0.0,0,0,0.0,0.0,0.0,0.0,0.0,0.0,0.0,0.0,0.0,0.0,0.0,0.0,0.0,0.0,"('116.133.8.86', '192.168.137.197', 443, 56162, 'TCP')",Weibo4.pcap
12,0,12,1.0,0.0,6131,0,0.6888589859008789,-1,-1,-2,-3,-3,-4,-4,-5,-6,-6,-7,-7,-8,-9,-9,-10,-10,-11,-12,-12,12.0,12,12,12.0,0.0,0.06262354417280717,0.6215400695800781,5.9604644775390625e-06,0.1776934293386676,2.0623207092285156e-05,2.7179718017578125e-05,0.019350504875183094,0.06444668769836426,0.06448352336883545,0.06499743461608887,0.06669588088989258,0.06728787422180176,0.6266761302948001,0.06262354417280717,0.6215400695800781,5.9604644775390625e-06,0.1776934293386676,2.0623207092285156e-05,2.7179718017578125e-05,0.019350504875183094,0.06444668769836426,0.06448352336883545,0.06499743461608887,0.06669588088989258,0.06728787422180176,0.6266761302948001,0.0,0.0,0.0,0.0,0.0,0.0,0.0,0.0,0.0,0.0,0.0,0.0,0.0,510.9166666666667,1446,97,365.9166666666667,538.9886298017385,290508.7430555555,1.0640126646263708,-0.7392740869632637,97.0,103.2,156.2,224.8,229.0,312.99999999999994,369.0,1195.4000000000008,1441.6,510.9166666666667,1446,97,365.9166666666667,538.9886298017385,290508.7430555555,1.0640126646263708,-0.7392740869632637,97.0,103.2,156.2,224.8,229.0,312.99999999999994,369.0,1195.4000000000008,1441.6,0.0,0,0,0.0,0.0,0.0,0.0,0.0,0.0,0.0,0.0,0.0,0.0,0.0,0.0,0.0,0.0,"('116.133.8.86', '192.168.137.197', 443, 56163, 'TCP')",Weibo4.pcap
0,4,4,0.0,1.0,0,1072,0.0571441650390625,1,1,1,1,1,2,2,2,2,2,3,3,3,3,3,4,4,4,4,4,4.0,4,4,4.0,0.0,0.019048055013020832,0.03469514846801758,0.0013248920440673828,0.013702215196094698,0.010408544540405275,0.02081708908081055,0.031225633621215818,0.03496012687683105,0.03535759449005127,0.035755062103271486,0.03813245296478271,0.04446969032287598,0.05080692768096924,0.0,0.0,0.0,0.0,0.0,0.0,0.0,0.0,0.0,0.0,0.0,0.0,0.0,0.019048055013020832,0.03469514846801758,0.0013248920440673828,0.013702215196094698,0.010408544540405275,0.02081708908081055,0.031225633621215818,0.03496012687683105,0.03535759449005127,0.035755062103271486,0.03813245296478271,0.04446969032287598,0.05080692768096924,268.0,571,85,158.5,189.37396864405625,35862.5,0.7099497889020495,-1.0808807984195667,99.7,114.4,129.1,163.60000000000002,208.0,252.39999999999998,310.8999999999999,397.60000000000014,484.30000000000007,0.0,0,0,0.0,0.0,0.0,0.0,0.0,0.0,0.0,0.0,0.0,0.0,0.0,0.0,0.0,0.0,268.0,571,85,158.5,189.37396864405625,35862.5,0.7099497889020495,-1.0808807984195667,99.7,114.4,129.1,163.60000000000002,208.0,252.39999999999998,310.8999999999999,397.60000000000014,484.30000000000007,"('192.168.137.197', '222.192.187.254', 56167, 443, 'TCP')",Weibo4.pcap
0,3,3,0.0,1.0,0,1194,0.07990312576293945,1,1,1,1,1,1,1,2,2,2,2,2,2,3,3,3,3,3,3,3,3.0,3,3,3.0,0.0,0.03995156288146973,0.044628143310546875,0.03527498245239258,0.0046765804290771484,0.008925628662109376,0.01785125732421875,0.026776885986328124,0.0357025146484375,0.044628143310546875,0.05168313980102539,0.0587381362915039,0.06579313278198243,0.07284812927246094,0.0,0.0,0.0,0.0,0.0,0.0,0.0,0.0,0.0,0.0,0.0,0.0,0.0,0.03995156288146973,0.044628143310546875,0.03527498245239258,0.0046765804290771484,0.008925628662109376,0.01785125732421875,0.026776885986328124,0.0357025146484375,0.044628143310546875,0.05168313980102539,0.0587381362915039,0.06579313278198243,0.07284812927246094,398.0,571,147,141.33333333333334,181.67186536904018,33004.666666666664,-0.564873759921025,0.0,212.8,278.6,344.4,410.20000000000005,476.0,495.0,514.0,533.0,552.0,0.0,0,0,0.0,0.0,0.0,0.0,0.0,0.0,0.0,0.0,0.0,0.0,0.0,0.0,0.0,0.0,398.0,571,147,141.33333333333334,181.67186536904018,33004.666666666664,-0.564873759921025,0.0,212.8,278.6,344.4,410.20000000000005,476.0,495.0,514.0,533.0,552.0,"('192.168.137.197', '140.205.151.1', 56166, 443, 'TCP')",Weibo4.pcap
11,0,11,1.0,0.0,9207,0,0.03435993194580078,-1,-1,-2,-2,-3,-4,-4,-5,-5,-6,-6,-7,-7,-8,-8,-9,-10,-10,-11,-11,11.0,11,11,11.0,0.0,0.003435993194580078,0.028563976287841797,1.2159347534179688e-05,0.008409339177309405,4.9114227294921875e-05,6.699562072753906e-05,8.296966552734375e-05,0.0018229484558105469,0.030386924743652344,0.030419111251831055,0.03189206123352051,0.033865928649902344,0.03387808799743652,0.003435993194580078,0.028563976287841797,1.2159347534179688e-05,0.008409339177309405,4.9114227294921875e-05,6.699562072753906e-05,8.296966552734375e-05,0.0018229484558105469,0.030386924743652344,0.030419111251831055,0.03189206123352051,0.033865928649902344,0.03387808799743652,0.0,0.0,0.0,0.0,0.0,0.0,0.0,0.0,0.0,0.0,0.0,0.0,0.0,837.0,1466,85,569.5454545454545,605.9911490502751,367225.2727272727,-0.071802571898215,-1.793043541834828,85.0,103.0,365.0,427.0,812.0,1466.0,1466.0,1466.0,1466.0,837.0,1466,85,569.5454545454545,605.9911490502751,367225.2727272727,-0.071802571898215,-1.793043541834828,85.0,103.0,365.0,427.0,812.0,1466.0,1466.0,1466.0,1466.0,0.0,0,0,0.0,0.0,0.0,0.0,0.0,0.0,0.0,0.0,0.0,0.0,0.0,0.0,0.0,0.0,"('222.192.187.254', '192.168.137.197', 443, 56167, 'TCP')",Weibo4.pcap
6,0,6,1.0,0.0,5051,0,0.0855720043182373,-1,-1,-1,-2,-2,-2,-2,-3,-3,-3,-4,-4,-4,-5,-5,-5,-5,-6,-6,-6,6.0,6,6,6.0,0.0,0.01711440086364746,0.04483294486999512,1.5020370483398438e-05,0.020983238732747406,7.510185241699219e-06,1.5020370483398438e-05,2.2530555725097656e-05,3.0040740966796875e-05,3.7550926208496094e-05,4.506111145019531e-05,0.02039206027984619,0.04073905944824219,0.06315553188323975,0.01711440086364746,0.04483294486999512,1.5020370483398438e-05,0.020983238732747406,7.510185241699219e-06,1.5020370483398438e-05,2.2530555725097656e-05,3.0040740966796875e-05,3.7550926208496094e-05,4.506111145019531e-05,0.02039206027984619,0.04073905944824219,0.06315553188323975,0.0,0.0,0.0,0.0,0.0,0.0,0.0,0.0,0.0,0.0,0.0,0.0,0.0,841.8333333333334,1466,105,577.5,586.3094793328482,343758.80555555556,-0.05165401151882833,-1.8835483389896932,188.5,272.0,344.0,416.0,871.0,1326.0,1396.0,1466.0,1466.0,841.8333333333334,1466,105,577.5,586.3094793328482,343758.80555555556,-0.05165401151882833,-1.8835483389896932,188.5,272.0,344.0,416.0,871.0,1326.0,1396.0,1466.0,1466.0,0.0,0,0,0.0,0.0,0.0,0.0,0.0,0.0,0.0,0.0,0.0,0.0,0.0,0.0,0.0,0.0,"('140.205.151.1', '192.168.137.197', 443, 56166, 'TCP')",Weibo4.pcap
0,13,13,0.0,1.0,0,11080,7.566330909729004,1,1,2,3,3,4,5,5,6,7,7,8,9,9,10,11,11,12,13,13,1.625,7,0,0.0,2.8256636388643286,0.6305275758107504,7.016117811203003,0.0,1.9295380499256767,0.035205507278442384,0.05086064338684082,0.3326104640960692,0.5209485530853272,0.5210859775543213,7.537203788757324,7.537203788757324,7.537203788757324,7.554157447814942,0.0,0.0,0.0,0.0,0.0,0.0,0.0,0.0,0.0,0.0,0.0,0.0,0.0,0.6305275758107504,7.016117811203003,0.0,1.9295380499256767,0.035205507278442384,0.05086064338684082,0.3326104640960692,0.5209485530853272,0.5210859775543213,7.537203788757324,7.537203788757324,7.537203788757324,7.554157447814942,852.3076923076923,1458,92,478.61538461538464,524.4976181826662,275097.7514792899,-0.030064289309656433,-1.6571984226067655,174.20000000000002,377.80000000000007,521.2,561.2,588.0,1235.2,1367.9999999999998,1458.0,1458.0,0.0,0,0,0.0,0.0,0.0,0.0,0.0,0.0,0.0,0.0,0.0,0.0,0.0,0.0,0.0,0.0,852.3076923076923,1458,92,478.61538461538464,524.4976181826662,275097.7514792899,-0.030064289309656433,-1.6571984226067655,174.20000000000002,377.80000000000007,521.2,561.2,588.0,1235.2,1367.9999999999998,1458.0,1458.0,"('192.168.137.197', '106.63.15.10', 56168, 443, 'TCP')",Weibo4.pcap
23,0,23,1.0,0.0,9692,0,7.597501993179321,-1,-2,-3,-5,-6,-7,-8,-9,-10,-11,-13,-14,-15,-16,-17,-18,-19,-21,-22,-23,2.875,19,0,0.0,6.233728819895841,0.3453409996899692,6.993803024291992,5.0067901611328125e-06,1.4539423934587792,1.502037048339844e-05,0.0010536193847656258,0.03088860511779785,0.04641094207763673,0.052609920501708984,0.053864669799804685,0.5243263244628906,0.5404113292694092,7.57367434501648,0.3453409996899692,6.993803024291992,5.0067901611328125e-06,1.4539423934587792,1.502037048339844e-05,0.0010536193847656258,0.03088860511779785,0.04641094207763673,0.052609920501708984,0.053864669799804685,0.5243263244628906,0.5404113292694092,7.57367434501648,0.0,0.0,0.0,0.0,0.0,0.0,0.0,0.0,0.0,0.0,0.0,0.0,0.0,421.39130434782606,1294,79,326.9130434782609,483.3507808162618,233627.97731569,1.1083530832952602,-0.5618911639554445,92.0,93.6,99.6,102.0,105.0,166.19999999999985,375.39999999999986,1068.000000000001,1294.0,421.39130434782606,1294,79,326.9130434782609,483.3507808162618,233627.97731569,1.1083530832952602,-0.5618911639554445,92.0,93.6,99.6,102.0,105.0,166.19999999999985,375.39999999999986,1068.000000000001,1294.0,0.0,0,0,0.0,0.0,0.0,0.0,0.0,0.0,0.0,0.0,0.0,0.0,0.0,0.0,0.0,0.0,"('106.63.15.10', '192.168.137.197', 443, 56168, 'TCP')",Weibo4.pcap
0,4,4,0.0,1.0,0,1094,0.06695699691772461,1,1,1,1,1,2,2,2,2,2,3,3,3,3,3,4,4,4,4,4,4.0,4,4,4.0,0.0,0.02231899897257487,0.03778982162475586,0.00201416015625,0.015000006057414042,0.01133694648742676,0.02267389297485352,0.03401083946228027,0.03819265365600586,0.03879690170288086,0.03940114974975586,0.042519283294677725,0.05066518783569337,0.05881109237670899,0.0,0.0,0.0,0.0,0.0,0.0,0.0,0.0,0.0,0.0,0.0,0.0,0.0,0.02231899897257487,0.03778982162475586,0.00201416015625,0.015000006057414042,0.01133694648742676,0.02267389297485352,0.03401083946228027,0.03819265365600586,0.03879690170288086,0.03940114974975586,0.042519283294677725,0.05066518783569337,0.05881109237670899,273.5,571,85,164.0,190.01907798955347,36107.25,0.617485939003002,-1.1830136765631376,99.7,114.4,129.1,168.00000000000003,219.0,270.0,330.69999999999993,410.80000000000007,490.90000000000003,0.0,0,0,0.0,0.0,0.0,0.0,0.0,0.0,0.0,0.0,0.0,0.0,0.0,0.0,0.0,0.0,273.5,571,85,164.0,190.01907798955347,36107.25,0.617485939003002,-1.1830136765631376,99.7,114.4,129.1,168.00000000000003,219.0,270.0,330.69999999999993,410.80000000000007,490.90000000000003,"('192.168.137.197', '59.82.121.73', 56169, 443, 'TCP')",Weibo4.pcap
14,0,14,1.0,0.0,13874,0,0.04065203666687012,-1,-2,-2,-3,-4,-4,-5,-6,-6,-7,-8,-9,-9,-10,-11,-11,-12,-13,-13,-14,14.0,14,14,14.0,0.0,0.0031270797436053935,0.036424875259399414,1.0013580322265625e-05,0.009645082306181238,8.440017700195314e-05,0.0002651214599609375,0.0002789020538330078,0.0011583328247070312,0.001177072525024414,0.0011908531188964844,0.03762111663818359,0.03765435218811035,0.03974707126617432,0.0031270797436053935,0.036424875259399414,1.0013580322265625e-05,0.009645082306181238,8.440017700195314e-05,0.0002651214599609375,0.0002789020538330078,0.0011583328247070312,0.001177072525024414,0.0011908531188964844,0.03762111663818359,0.03765435218811035,0.03974707126617432,0.0,0.0,0.0,0.0,0.0,0.0,0.0,0.0,0.0,0.0,0.0,0.0,0.0,991.0,1466,85,475.0,566.1393064305943,320513.71428571426,-0.47162788108152304,-1.5570022212244619,166.60000000000002,394.2,534.2,815.6000000000001,1466.0,1466.0,1466.0,1466.0,1466.0,991.0,1466,85,475.0,566.1393064305943,320513.71428571426,-0.47162788108152304,-1.5570022212244619,166.60000000000002,394.2,534.2,815.6000000000001,1466.0,1466.0,1466.0,1466.0,1466.0,0.0,0,0,0.0,0.0,0.0,0.0,0.0,0.0,0.0,0.0,0.0,0.0,0.0,0.0,0.0,0.0,"('59.82.121.73', '192.168.137.197', 443, 56169, 'TCP')",Weibo4.pcap
0,9,9,0.0,1.0,0,2266,5.391469955444336,1,1,2,2,3,3,3,4,4,5,5,6,6,7,7,7,8,8,9,9,1.5,5,0,0.5,1.8929694486000912,0.673933744430542,3.486307144165039,0.0,1.2200741946470095,0.017935943603515626,0.02241992950439453,0.02241992950439453,0.026252508163452152,0.04158282279968262,2.8306285381317133,4.632052564620971,5.375111722946167,5.386724281311035,0.0,0.0,0.0,0.0,0.0,0.0,0.0,0.0,0.0,0.0,0.0,0.0,0.0,0.673933744430542,3.486307144165039,0.0,1.2200741946470095,0.017935943603515626,0.02241992950439453,0.02241992950439453,0.026252508163452152,0.04158282279968262,2.8306285381317133,4.632052564620971,5.375111722946167,5.386724281311035,251.77777777777777,571,85,128.66666666666666,158.04906254970166,24979.506172839505,0.7688268433109438,-0.6286785749481347,88.2,116.0,141.2,159.20000000000002,188.0,260.79999999999995,312.0,374.00000000000006,461.40000000000003,0.0,0,0,0.0,0.0,0.0,0.0,0.0,0.0,0.0,0.0,0.0,0.0,0.0,0.0,0.0,0.0,251.77777777777777,571,85,128.66666666666666,158.04906254970166,24979.506172839505,0.7688268433109438,-0.6286785749481347,88.2,116.0,141.2,159.20000000000002,188.0,260.79999999999995,312.0,374.00000000000006,461.40000000000003,"('192.168.137.197', '121.194.5.14', 64772, 443, 'TCP')",Weibo4.pcap
126,0,126,1.0,0.0,172070,0,5.402389049530029,-4,-10,-16,-23,-29,-35,-41,-48,-54,-60,-67,-73,-79,-86,-92,-98,-104,-111,-117,-123,21.0,51,0,12.0,22.847319317591726,0.04321911239624023,3.820080041885376,4.0531158447265625e-06,0.3617034811999457,0.025764942169189453,3.861664056777954,3.9038645029067993,3.9095730781555176,3.950922966003418,5.366673946380615,5.387984037399292,5.392630100250244,5.399880409240723,0.04321911239624023,3.820080041885376,4.0531158447265625e-06,0.3617034811999457,0.025764942169189453,3.861664056777954,3.9038645029067993,3.9095730781555176,3.950922966003418,5.366673946380615,5.387984037399292,5.392630100250244,5.399880409240723,0.0,0.0,0.0,0.0,0.0,0.0,0.0,0.0,0.0,0.0,0.0,0.0,0.0,1365.6349206349207,1466,85,100.36507936507937,319.1061574663363,101828.7397329302,-3.1525389800692762,8.469477933227337,1335.0,1466.0,1466.0,1466.0,1466.0,1466.0,1466.0,1466.0,1466.0,1365.6349206349207,1466,85,100.36507936507937,319.1061574663363,101828.7397329302,-3.1525389800692762,8.469477933227337,1335.0,1466.0,1466.0,1466.0,1466.0,1466.0,1466.0,1466.0,1466.0,0.0,0,0,0.0,0.0,0.0,0.0,0.0,0.0,0.0,0.0,0.0,0.0,0.0,0.0,0.0,0.0,"('121.194.5.14', '192.168.137.197', 443, 64772, 'TCP')",Weibo4.pcap
0,4,4,0.0,1.0,0,1512,0.0640559196472168,1,1,1,1,1,2,2,2,2,2,3,3,3,3,3,4,4,4,4,4,4.0,4,4,4.0,0.0,0.021351973215738933,0.03995394706726074,0.0,0.016426631708717488,0.011986184120178224,0.023972368240356447,0.03595855236053466,0.044774341583251956,0.05200493335723877,0.05923552513122558,0.0640559196472168,0.0640559196472168,0.0640559196472168,0.0,0.0,0.0,0.0,0.0,0.0,0.0,0.0,0.0,0.0,0.0,0.0,0.0,0.021351973215738933,0.03995394706726074,0.0,0.016426631708717488,0.011986184120178224,0.023972368240356447,0.03595855236053466,0.044774341583251956,0.05200493335723877,0.05923552513122558,0.0640559196472168,0.0640559196472168,0.0640559196472168,378.0,702,92,258.5,263.33533754511564,69345.5,0.07503967178596453,-1.8591000898599175,108.5,125.0,141.5,231.80000000000007,359.0,486.19999999999993,584.0999999999999,623.4000000000001,662.7,0.0,0,0,0.0,0.0,0.0,0.0,0.0,0.0,0.0,0.0,0.0,0.0,0.0,0.0,0.0,0.0,378.0,702,92,258.5,263.33533754511564,69345.5,0.07503967178596453,-1.8591000898599175,108.5,125.0,141.5,231.80000000000007,359.0,486.19999999999993,584.0999999999999,623.4000000000001,662.7,"('192.168.137.197', '203.119.204.105', 56173, 443, 'TCP')",Weibo4.pcap
14,0,14,1.0,0.0,14928,0,0.07147097587585449,-1,-2,-2,-3,-4,-4,-5,-6,-6,-7,-8,-9,-9,-10,-11,-11,-12,-13,-13,-14,14.0,14,14,14.0,0.0,0.00549776737506573,0.03502798080444336,9.059906005859375e-06,0.011255822499251495,2.3436546325683593e-05,3.85284423828125e-05,5.278587341308594e-05,6.823539733886718e-05,8.344650268554688e-05,0.00010247230529785157,0.003623676300048816,0.0351524829864502,0.05400331020355227,0.00549776737506573,0.03502798080444336,9.059906005859375e-06,0.011255822499251495,2.3436546325683593e-05,3.85284423828125e-05,5.278587341308594e-05,6.823539733886718e-05,8.344650268554688e-05,0.00010247230529785157,0.003623676300048816,0.0351524829864502,0.05400331020355227,0.0,0.0,0.0,0.0,0.0,0.0,0.0,0.0,0.0,0.0,0.0,0.0,0.0,1066.2857142857142,1466,92,399.7142857142857,578.985248833981,335223.9183673469,-0.8915522660871447,-1.081499867463493,110.4,268.20000000000005,980.5999999999999,1466.0,1466.0,1466.0,1466.0,1466.0,1466.0,1066.2857142857142,1466,92,399.7142857142857,578.985248833981,335223.9183673469,-0.8915522660871447,-1.081499867463493,110.4,268.20000000000005,980.5999999999999,1466.0,1466.0,1466.0,1466.0,1466.0,1466.0,0.0,0,0,0.0,0.0,0.0,0.0,0.0,0.0,0.0,0.0,0.0,0.0,0.0,0.0,0.0,0.0,"('203.119.204.105', '192.168.137.197', 443, 56173, 'TCP')",Weibo4.pcap
0,4,4,0.0,1.0,0,1282,0.045697927474975586,1,1,1,1,1,2,2,2,2,2,3,3,3,3,3,4,4,4,4,4,4.0,4,4,4.0,0.0,0.01523264249165853,0.0267488956451416,0.0006411075592041016,0.010878025807412848,0.00802466869354248,0.016049337387084965,0.024074006080627437,0.026877117156982423,0.027069449424743652,0.027261781692504882,0.029220795631408683,0.034713172912597665,0.040205550193786625,0.0,0.0,0.0,0.0,0.0,0.0,0.0,0.0,0.0,0.0,0.0,0.0,0.0,0.01523264249165853,0.0267488956451416,0.0006411075592041016,0.010878025807412848,0.00802466869354248,0.016049337387084965,0.024074006080627437,0.026877117156982423,0.027069449424743652,0.027261781692504882,0.029220795631408683,0.034713172912597665,0.040205550193786625,320.5,571,85,219.0,220.43876700798342,48593.25,0.02208024819113581,-1.948578001053958,94.9,104.8,114.7,196.00000000000006,313.0,429.99999999999994,514.3,533.2,552.1,0.0,0,0,0.0,0.0,0.0,0.0,0.0,0.0,0.0,0.0,0.0,0.0,0.0,0.0,0.0,0.0,320.5,571,85,219.0,220.43876700798342,48593.25,0.02208024819113581,-1.948578001053958,94.9,104.8,114.7,196.00000000000006,313.0,429.99999999999994,514.3,533.2,552.1,"('192.168.137.197', '121.194.7.241', 56174, 443, 'TCP')",Weibo4.pcap
14,0,14,1.0,0.0,14226,0,0.11837291717529297,-1,-2,-2,-3,-4,-4,-5,-6,-6,-7,-8,-9,-9,-10,-11,-11,-12,-13,-13,-14,14.0,14,14,14.0,0.0,0.009105609013484074,0.07664179801940918,5.0067901611328125e-06,0.020598736139853833,0.00012025833129882813,0.00017800331115722657,0.00195927619934082,0.022339487075805665,0.023538947105407715,0.0852654457092285,0.10060281753540039,0.10061411857604981,0.10062518119812011,0.009105609013484074,0.07664179801940918,5.0067901611328125e-06,0.020598736139853833,0.00012025833129882813,0.00017800331115722657,0.00195927619934082,0.022339487075805665,0.023538947105407715,0.0852654457092285,0.10060281753540039,0.10061411857604981,0.10062518119812011,0.0,0.0,0.0,0.0,0.0,0.0,0.0,0.0,0.0,0.0,0.0,0.0,0.0,1016.1428571428571,1466,85,449.85714285714283,571.8663501632,327031.1224489796,-0.6144515443311801,-1.5325219342113854,222.0,298.2,404.8,1284.4,1446.0,1466.0,1466.0,1466.0,1466.0,1016.1428571428571,1466,85,449.85714285714283,571.8663501632,327031.1224489796,-0.6144515443311801,-1.5325219342113854,222.0,298.2,404.8,1284.4,1446.0,1466.0,1466.0,1466.0,1466.0,0.0,0,0,0.0,0.0,0.0,0.0,0.0,0.0,0.0,0.0,0.0,0.0,0.0,0.0,0.0,0.0,"('121.194.7.241', '192.168.137.197', 443, 56174, 'TCP')",Weibo4.pcap
0,5,5,0.0,1.0,0,1689,0.23694086074829102,1,1,1,1,2,2,2,2,3,3,3,3,4,4,4,4,5,5,5,5,5.0,5,5,5.0,0.0,0.059235215187072754,0.20947790145874023,0.0,0.08744933678725138,0.010908794403076173,0.021817588806152345,0.06916756629943846,0.1529587268829346,0.23674988746643066,0.2368262767791748,0.23690266609191896,0.23694086074829102,0.23694086074829102,0.0,0.0,0.0,0.0,0.0,0.0,0.0,0.0,0.0,0.0,0.0,0.0,0.0,0.059235215187072754,0.20947790145874023,0.0,0.08744933678725138,0.010908794403076173,0.021817588806152345,0.06916756629943846,0.1529587268829346,0.23674988746643066,0.2368262767791748,0.23690266609191896,0.23694086074829102,0.23694086074829102,337.8,732,92,212.8,261.91708611696185,68600.56000000001,0.5030755010475786,-1.5803129290990676,114.0,136.0,147.0,147.0,147.0,316.59999999999997,486.19999999999993,603.2,667.6,0.0,0,0,0.0,0.0,0.0,0.0,0.0,0.0,0.0,0.0,0.0,0.0,0.0,0.0,0.0,0.0,337.8,732,92,212.8,261.91708611696185,68600.56000000001,0.5030755010475786,-1.5803129290990676,114.0,136.0,147.0,147.0,147.0,316.59999999999997,486.19999999999993,603.2,667.6,"('192.168.137.197', '120.53.212.88', 56175, 443, 'TCP')",Weibo4.pcap
10,0,10,1.0,0.0,6472,0,0.23679399490356445,-1,-1,-2,-2,-3,-3,-4,-4,-5,-5,-6,-6,-7,-7,-8,-8,-9,-9,-10,-10,10.0,10,10,10.0,0.0,0.026310443878173828,0.16043496131896973,5.9604644775390625e-06,0.052054197451070476,0.0004049062728881836,0.0004546642303466797,0.0017033815383911128,0.04405975341796876,0.07194638252258301,0.0735239028930664,0.1240124464035034,0.2364107131958008,0.23678669929504395,0.026310443878173828,0.16043496131896973,5.9604644775390625e-06,0.052054197451070476,0.0004049062728881836,0.0004546642303466797,0.0017033815383911128,0.04405975341796876,0.07194638252258301,0.0735239028930664,0.1240124464035034,0.2364107131958008,0.23678669929504395,0.0,0.0,0.0,0.0,0.0,0.0,0.0,0.0,0.0,0.0,0.0,0.0,0.0,647.2,1458,92,540.2,590.57477088003,348778.55999999994,0.3476288264339842,-1.7057058261830038,92.0,102.4,117.6,123.0,341.5,783.5999999999997,1185.8999999999999,1365.2,1458.0,647.2,1458,92,540.2,590.57477088003,348778.55999999994,0.3476288264339842,-1.7057058261830038,92.0,102.4,117.6,123.0,341.5,783.5999999999997,1185.8999999999999,1365.2,1458.0,0.0,0,0,0.0,0.0,0.0,0.0,0.0,0.0,0.0,0.0,0.0,0.0,0.0,0.0,0.0,0.0,"('120.53.212.88', '192.168.137.197', 443, 56175, 'TCP')",Weibo4.pcap
0,38,38,0.0,1.0,0,7572,1.8542110919952393,1,3,5,7,9,11,13,15,17,19,20,22,24,26,28,30,32,34,36,38,19.0,21,17,19.0,2.0,0.05011381329716863,0.47658681869506836,0.0,0.10600847647247179,0.19640302658081055,0.6849611282348633,0.743262529373169,0.8104219436645508,0.8503639698028564,1.0447847366333007,1.5356092453002923,1.7079310417175293,1.808582425117493,0.0,0.0,0.0,0.0,0.0,0.0,0.0,0.0,0.0,0.0,0.0,0.0,0.0,0.05011381329716863,0.47658681869506836,0.0,0.10600847647247179,0.19640302658081055,0.6849611282348633,0.743262529373169,0.8104219436645508,0.8503639698028564,1.0447847366333007,1.5356092453002923,1.7079310417175293,1.808582425117493,199.26315789473685,571,85,39.526315789473685,107.81628726938251,11624.351800554014,2.670510560640745,5.764658217856693,164.8,167.0,167.0,167.0,167.0,168.0,168.0,168.0,245.20000000000107,0.0,0,0,0.0,0.0,0.0,0.0,0.0,0.0,0.0,0.0,0.0,0.0,0.0,0.0,0.0,0.0,199.26315789473685,571,85,39.526315789473685,107.81628726938251,11624.351800554014,2.670510560640745,5.764658217856693,164.8,167.0,167.0,167.0,167.0,168.0,168.0,168.0,245.20000000000107,"('192.168.137.197', '121.194.5.14', 64786, 443, 'TCP')",Weibo4.pcap
96,0,96,1.0,0.0,72266,0,1.810492992401123,-3,-8,-13,-17,-22,-27,-32,-37,-41,-46,-51,-56,-60,-65,-70,-75,-80,-85,-89,-94,48.0,57,39,48.0,9.0,0.0190578209726434,0.47771406173706055,3.814697265625e-06,0.07067660666772904,0.15433013439178467,0.6516299247741699,0.6930395364761353,0.7659420967102051,0.8793305158615112,1.0087521076202393,1.5369426012039185,1.66339111328125,1.7878040075302124,0.0190578209726434,0.47771406173706055,3.814697265625e-06,0.07067660666772904,0.15433013439178467,0.6516299247741699,0.6930395364761353,0.7659420967102051,0.8793305158615112,1.0087521076202393,1.5369426012039185,1.66339111328125,1.7878040075302124,0.0,0.0,0.0,0.0,0.0,0.0,0.0,0.0,0.0,0.0,0.0,0.0,0.0,752.7708333333334,1466,85,539.7708333333334,597.0813470396131,356506.13498263893,0.20570421278469328,-1.747698191256914,85.0,85.0,241.0,367.0,489.0,1038.0,1466.0,1466.0,1466.0,752.7708333333334,1466,85,539.7708333333334,597.0813470396131,356506.13498263893,0.20570421278469328,-1.747698191256914,85.0,85.0,241.0,367.0,489.0,1038.0,1466.0,1466.0,1466.0,0.0,0,0,0.0,0.0,0.0,0.0,0.0,0.0,0.0,0.0,0.0,0.0,0.0,0.0,0.0,0.0,"('121.194.5.14', '192.168.137.197', 443, 64786, 'TCP')",Weibo4.pcap
0,8,8,0.0,1.0,0,3062,1.2038209438323975,1,1,2,2,2,3,3,4,4,4,5,5,6,6,6,7,7,8,8,8,4.0,6,2,4.0,2.0,0.17197442054748535,1.0593979358673096,0.0,0.363782268379496,0.06976277828216554,0.10455708503723145,0.11193373203277587,0.11216254234313965,0.1122279167175293,0.11849594116210938,0.14043402671813962,0.7792068004608159,1.2032224655151367,0.0,0.0,0.0,0.0,0.0,0.0,0.0,0.0,0.0,0.0,0.0,0.0,0.0,0.17197442054748535,1.0593979358673096,0.0,0.363782268379496,0.06976277828216554,0.10455708503723145,0.11193373203277587,0.11216254234313965,0.1122279167175293,0.11849594116210938,0.14043402671813962,0.7792068004608159,1.2032224655151367,382.75,1342,94,281.5,414.0132093303304,171406.9375,1.4033339573554098,0.7354688645727014,98.9,101.0,101.8,107.4,129.5,235.60000000000008,535.1999999999998,583.4,813.4999999999999,0.0,0,0,0.0,0.0,0.0,0.0,0.0,0.0,0.0,0.0,0.0,0.0,0.0,0.0,0.0,0.0,382.75,1342,94,281.5,414.0132093303304,171406.9375,1.4033339573554098,0.7354688645727014,98.9,101.0,101.8,107.4,129.5,235.60000000000008,535.1999999999998,583.4,813.4999999999999,"('192.168.137.197', '111.206.109.116', 56176, 443, 'TCP')",Weibo4.pcap
9,0,9,1.0,0.0,5547,0,0.13147306442260742,-1,-1,-2,-2,-3,-3,-3,-4,-4,-5,-5,-6,-6,-7,-7,-7,-8,-8,-9,-9,9.0,9,9,9.0,0.0,0.016434133052825928,0.05082106590270996,5.9604644775390625e-06,0.01949288360678362,1.2016296386718751e-05,0.026019573211669925,0.06368436813354492,0.09418339729309082,0.09420895576477051,0.09421372413635254,0.1024116039276123,0.11727881431579591,0.1314009666442871,0.016434133052825928,0.05082106590270996,5.9604644775390625e-06,0.01949288360678362,1.2016296386718751e-05,0.026019573211669925,0.06368436813354492,0.09418339729309082,0.09420895576477051,0.09421372413635254,0.1024116039276123,0.11727881431579591,0.1314009666442871,0.0,0.0,0.0,0.0,0.0,0.0,0.0,0.0,0.0,0.0,0.0,0.0,0.0,616.3333333333334,1466,97,421.77777777777777,516.0542607129603,266312.0,0.6538183461240813,-1.0359040300948308,97.0,115.60000000000001,224.39999999999998,369.0,369.0,680.1999999999999,781.4,1064.6000000000004,1466.0,616.3333333333334,1466,97,421.77777777777777,516.0542607129603,266312.0,0.6538183461240813,-1.0359040300948308,97.0,115.60000000000001,224.39999999999998,369.0,369.0,680.1999999999999,781.4,1064.6000000000004,1466.0,0.0,0,0,0.0,0.0,0.0,0.0,0.0,0.0,0.0,0.0,0.0,0.0,0.0,0.0,0.0,0.0,"('111.206.109.116', '192.168.137.197', 443, 56176, 'TCP')",Weibo4.pcap
